{
  "$schema": "https://schema.management.azure.com/schemas/2015-01-01/deploymentTemplate.json#",
  "contentVersion": "1.0.0.0",
  "parameters": {
    "adminUsername": {
      "type": "string",
      "metadata": {
        "description": "The name of the Administrator of the new VM and Domain"
      }

    },
    "adminPassword": {
      "type": "securestring",
      "metadata": {
        "description": "The password for the Administrator account of the new VM and Domain"
      }
    },
    "domainName": {
      "type": "string",
      "metadata": {
        "description": "The FQDN of the AD Domain created "
      }
    },
    "dnsPrefix": {
      "type": "string",
      "metadata": {
        "description": "The DNS prefix for the public IP address used by the Load Balancer"
      }
    },
    "numberOfRdshInstances": {
      "type": "int",
      "defaultValue": 1,
      "metadata": {
        "description": "Number of Remote Desktop SessionHosts"
      }
    },
    "rdshVmSize": {
      "type": "string",
      "metadata": {
        "description": "The size of rdsh VM to use"
      },
      "defaultValue": "Standard_A2_v2",
      "allowedValues": [
        "Standard_A0",
        "Standard_A1_v2",
        "Standard_A2_v2",
        "Standard_A2m_v2",
        "Standard_A4_v2",
        "Standard_A4m_v2",
        "Standard_A8_v2",
        "Standard_A8m_v2",
        "Standard_D1_v2",
        "Standard_D11_v2",
        "Standard_D12_v2",
        "Standard_D13_v2",
        "Standard_D14_v2",
        "Standard_D15_v2",
        "Standard_D2_v2",
        "Standard_D3_v2",
        "Standard_D4_v2",
        "Standard_D5_v2"
      ]
    }


  },
  "variables": {
    "adPDCVMName": "adPDC",
    "adBDCVMName": "adBDC",
    "imagePublisher": "MicrosoftWindowsServer",
    "imageOffer": "WindowsServer",
    "imageSKU": "2016-Datacenter",
    "adAvailabilitySetName": "adAvailabiltySet",
    "publicIPAddressName": "ad-lb-pip",
    "adVMSize": "Standard_A2_v2",
    "adLBFE": "LBFE",
    "adLBBE": "LBBE",
    "adPDCRDPNAT": "adPDCRDP",
    "adBDCRDPNAT": "adBDCRDP",
    "virtualNetworkName": "adVNET",
    "virtualNetworkAddressRange": "10.255.0.0/16",
    "adSubnetName": "adSubnet",
    "adSubnet": "10.255.0.0/24",
    "adPDCNicName": "adPDCNic",
    "adPDCNicIPAddress": "10.255.0.4",
    "adBDCNicName": "adBDCNic",
    "adBDCNicIPAddress": "10.255.0.5",
    "adSubnetRef": "[resourceId('Microsoft.Network/virtualNetworks/subnets', variables('virtualNetworkName'), variables('adSubnetName'))]",
    "adLBName": "adLoadBalancer",
    "adlbID": "[resourceId('Microsoft.Network/loadBalancers',variables('adLBName'))]",
    "adlbFEConfigID": "[concat(variables('adlbID'),'/frontendIPConfigurations/',variables('adLBFE'))]",
    "adPDCRDPNATRuleID": "[concat(variables('adlbID'),'/inboundNatRules/',variables('adPDCRDPNAT'))]",
    "adBDCRDPNATRuleID": "[concat(variables('adlbID'),'/inboundNatRules/',variables('adBDCRDPNAT'))]",
    "adBEAddressPoolID": "[concat(variables('adlbID'),'/backendAddressPools/',variables('adLBBE'))]",
    "adPDCDataDisk": "ADPDCDataDisk",
    "adBDCDataDisk": "ADBDCDataDisk",
    "adDataDiskSize": 1000,
    "pdcRDPPort": 3389,
    "bdcRDPPort": 13389,
    "_artifactsLocation": "https://raw.githubusercontent.com/ehhwerd/phase1-domain-controller-plus-workload-vm/master/option3b",
    "vnetTemplateUri": "[concat(variables('_artifactsLocation'),'/nestedtemplates/vnet.json')]",
    "nicTemplateUri": "[concat(variables('_artifactsLocation'),'/nestedtemplates/nic.json')]",
    "vnetwithDNSTemplateUri": "[concat(variables('_artifactsLocation'),'/nestedtemplates/vnet-with-dns-server.json')]",
    "configureADBDCTemplateUri": "[concat(variables('_artifactsLocation'),'/nestedtemplates/configureADBDC.json')]",
    "adPDCModulesURL": "[concat(variables('_artifactsLocation'),'/DSC/CreateADPDC.zip')]",
    "adPDCConfigurationFunction": "CreateADPDC.ps1\\CreateADPDC",
    "adBDCPreparationModulesURL": "[concat(variables('_artifactsLocation'),'/DSC/PrepareADBDC.zip')]",
    "adBDCPreparationFunction": "PrepareADBDC.ps1\\PrepareADBDC",
    "adBDCConfigurationModulesURL": "[concat(variables('_artifactsLocation'),'/DSC/ConfigureADBDC.zip')]",
    "adBDCConfigurationFunction": "ConfigureADBDC.ps1\\ConfigureADBDC",
    "RDSTemplateLocation": "[concat(variables('_artifactsLocation'),'/nestedtemplates/RDSDeploy.json')]"
  },
  "resources": [
    {
      "name": "[variables('publicIPAddressName')]",
      "type": "Microsoft.Network/publicIPAddresses",
      "apiVersion": "2016-10-01",
      "location": "[resourceGroup().location]",
      "properties": {
        "publicIPAllocationMethod": "Dynamic",
        "dnsSettings": {
          "domainNameLabel": "[parameters('dnsPrefix')]"
        }
      }
    },
    {
      "name": "[variables('adAvailabilitySetName')]",
      "type": "Microsoft.Compute/availabilitySets",
      "apiVersion": "2016-04-30-preview",
      "location": "[resourceGroup().location]",
      "properties": {
        "managed": "true",
        "platformUpdateDomainCount": 5,
        "platformFaultDomainCount": 2
      }
    },
    {
      "name": "VNet",
      "type": "Microsoft.Resources/deployments",
      "apiVersion": "2016-09-01",
      "properties": {
        "mode": "Incremental",
        "templateLink": {
          "uri": "[variables('vnetTemplateUri')]",
          "contentVersion": "1.0.0.0"
        },
        "parameters": {
          "virtualNetworkName": {
            "value": "[variables('virtualNetworkName')]"
          },
          "virtualNetworkAddressRange": {
            "value": "[variables('virtualNetworkAddressRange')]"
          },
          "subnetName": {
            "value": "[variables('adSubnetName')]"
          },
          "subnetRange": {
            "value": "[variables('adSubnet')]"
          }
        }
      }
    },
    {
      "name": "[variables('adLBName')]",
      "type": "Microsoft.Network/loadBalancers",
      "apiVersion": "2016-10-01",
      "location": "[resourceGroup().location]",
      "dependsOn": [
        "[resourceId('Microsoft.Network/publicIPAddresses',variables('publicIPAddressName'))]"
      ],
      "properties": {
        "frontendIPConfigurations": [
          {
            "name": "[variables('adLBFE')]",
            "properties": {
              "publicIPAddress": {
                "id": "[resourceId('Microsoft.Network/publicIPAddresses',variables('publicIPAddressName'))]"
              }
            }
          }
        ],
        "backendAddressPools": [
          {
            "name": "[variables('adLBBE')]"
          }
        ],
        "inboundNatRules": [
          {
            "name": "[variables('adPDCRDPNAT')]",
            "properties": {
              "frontendIPConfiguration": {
                "id": "[variables('adlbFEConfigID')]"
              },
              "protocol": "tcp",
              "frontendPort": "[variables('pdcRDPPort')]",
              "backendPort": 3389,
              "enableFloatingIP": false
            }
          },
          {
            "name": "[variables('adBDCRDPNAT')]",
            "properties": {
              "frontendIPConfiguration": {
                "id": "[variables('adlbFEConfigID')]"
              },
              "protocol": "tcp",
              "frontendPort": "[variables('bdcRDPPort')]",
              "backendPort": 3389,
              "enableFloatingIP": false
            }
          }
        ]
      }
    },
    {
      "name": "[variables('adPDCNicName')]",
      "type": "Microsoft.Network/networkInterfaces",
      "apiVersion": "2016-10-01",
      "location": "[resourceGroup().location]",
      "dependsOn": [
        "Microsoft.Resources/deployments/VNet",
        "[variables('adLBName')]"
      ],
      "properties": {
        "ipConfigurations": [
          {
            "name": "ipconfig1",
            "properties": {
              "privateIPAllocationMethod": "Static",
              "privateIPAddress": "[variables('adPDCNicIPAddress')]",
              "subnet": {
                "id": "[variables('adSubnetRef')]"
              },
              "loadBalancerBackendAddressPools": [
                {
                  "id": "[variables('adBEAddressPoolID')]"
                }
              ],
              "loadBalancerInboundNatRules": [
                {
                  "id": "[variables('adPDCRDPNATRuleID')]"
                }
              ]
            }
          }
        ]
      }
    },
    {
      "name": "[variables('adBDCNicName')]",
      "type": "Microsoft.Network/networkInterfaces",
      "apiVersion": "2016-10-01",
      "location": "[resourceGroup().location]",
      "dependsOn": [
        "Microsoft.Resources/deployments/VNet",
        "[concat('Microsoft.Network/loadBalancers/',variables('adLBName'))]"
      ],
      "properties": {
        "ipConfigurations": [
          {
            "name": "ipconfig1",
            "properties": {
              "privateIPAllocationMethod": "Static",
              "privateIPAddress": "[variables('adBDCNicIPAddress')]",
              "subnet": {
                "id": "[variables('adSubnetRef')]"
              },
              "loadBalancerBackendAddressPools": [
                {
                  "id": "[variables('adBEAddressPoolID')]"
                }
              ],
              "loadBalancerInboundNatRules": [
                {
                  "id": "[variables('adBDCRDPNATRuleID')]"
                }
              ]
            }
          }
        ]
      }
    },
    {
      "apiVersion": "2016-04-30-preview",
      "type": "Microsoft.Compute/disks",
      "name": "[concat(variables('adPDCVMName'), '-data-disk')]",
      "location": "[resourceGroup().location]",
      "properties": {
        "creationData": {
          "createOption": "empty"
        },
        "accountType": "Standard_LRS",
        "diskSizeGB": "1023"
      }
    },
    {
      "name": "[variables('adPDCVMName')]",
      "type": "Microsoft.Compute/virtualMachines",
      "apiVersion": "2017-03-30",
      "location": "[resourceGroup().location]",
      "dependsOn": [
        "[resourceId('Microsoft.Compute/disks', concat(variables('adPDCVMName'), '-data-disk'))]",
        "[resourceId('Microsoft.Network/networkInterfaces',variables('adPDCNicName'))]",
        "[resourceId('Microsoft.Compute/availabilitySets', variables('adAvailabilitySetName'))]",
        "[resourceId('Microsoft.Network/loadBalancers',variables('adLBName'))]"
      ],
      "properties": {
        "hardwareProfile": {
          "vmSize": "[variables('adVMSize')]"
        },
        "availabilitySet": {
          "id": "[resourceId('Microsoft.Compute/availabilitySets', variables('adAvailabilitySetName'))]"
        },
        "osProfile": {
          "computerName": "[variables('adPDCVMName')]",
          "adminUsername": "[parameters('adminUsername')]",
          "adminPassword": "[parameters('adminPassword')]"
        },
        "storageProfile": {
          "imageReference": {
            "publisher": "[variables('imagePublisher')]",
            "offer": "[variables('imageOffer')]",
            "sku": "[variables('imageSKU')]",
            "version": "latest"
          },
          "osDisk": {
            "name": "[concat(variables('adPDCVMName'),'-osdisk')]",
            "createOption": "FromImage",
            "diskSizeGB": "128"
          },
          "dataDisks": [
            {
              "name": "[concat(variables('adPDCVMName'), '-data-disk')]",
              "caching": "None",
              "lun": 0,
              "createOption": "Attach",
              "managedDisk": {
                "id": "[resourceId('Microsoft.Compute/disks', concat(variables('adPDCVMName'), '-data-disk'))]"
              }

            }
          ]
        },
        "networkProfile": {
          "networkInterfaces": [
            {
              "id": "[resourceId('Microsoft.Network/networkInterfaces',variables('adPDCNicName'))]"
            }
          ]
        }
      },
      "resources": [
        {
          "name": "CreateADForest",
          "type": "extensions",
          "apiVersion": "2016-03-30",
          "location": "[resourceGroup().location]",
          "dependsOn": [
            "[resourceId('Microsoft.Compute/virtualMachines', variables('adPDCVMName'))]"
          ],
          "properties": {
            "publisher": "Microsoft.Powershell",
            "type": "DSC",
            "typeHandlerVersion": "2.19",
            "autoUpgradeMinorVersion": true,
            "settings": {
              "ModulesUrl": "[variables('adPDCModulesURL')]",
              "ConfigurationFunction": "[variables('adPDCConfigurationFunction')]",
              "Properties": {
                "DomainName": "[parameters('domainName')]",
                "AdminCreds": {
                  "UserName": "[parameters('adminUserName')]",
                  "Password": "PrivateSettingsRef:AdminPassword"
                }
              }
            },
            "protectedSettings": {
              "Items": {
                "AdminPassword": "[parameters('adminPassword')]"
              }
            }
          }
        }
      ]
    },
    {
      "name": "UpdateVNetDNS1",
      "type": "Microsoft.Resources/deployments",
      "apiVersion": "2016-09-01",
      "dependsOn": [
        "[concat('Microsoft.Compute/virtualMachines/', variables('adPDCVMName'),'/extensions/CreateADForest')]"
      ],
      "properties": {
        "mode": "Incremental",
        "templateLink": {
          "uri": "[variables('vnetwithDNSTemplateUri')]",
          "contentVersion": "1.0.0.0"
        },
        "parameters": {
          "virtualNetworkName": {
            "value": "[variables('virtualNetworkName')]"
          },
          "virtualNetworkAddressRange": {
            "value": "[variables('virtualNetworkAddressRange')]"
          },
          "subnetName": {
            "value": "[variables('adSubnetName')]"
          },
          "subnetRange": {
            "value": "[variables('adSubnet')]"
          },
          "DNSServerAddress": {
            "value": [
              "[variables('adPDCNicIPAddress')]"
            ]
          }
        }
      }
    },
    {
      "name": "UpdateBDCNIC",
      "type": "Microsoft.Resources/deployments",
      "apiVersion": "2015-01-01",
      "dependsOn": [
        "[concat('Microsoft.Network/networkInterfaces/',variables('adBDCNicName'))]",
        "Microsoft.Resources/deployments/UpdateVNetDNS1"
      ],
      "properties": {
        "mode": "Incremental",
        "templateLink": {
          "uri": "[variables('nicTemplateUri')]",
          "contentVersion": "1.0.0.0"
        },
        "parameters": {
          "nicName": {
            "value": "[variables('adBDCNicName')]"
          },
          "ipConfigurations": {
            "value": [
              {
                "name": "ipconfig1",
                "properties": {
                  "privateIPAllocationMethod": "Static",
                  "privateIPAddress": "[variables('adBDCNicIPAddress')]",
                  "subnet": {
                    "id": "[variables('adSubnetRef')]"
                  },
                  "loadBalancerBackendAddressPools": [
                    {
                      "id": "[variables('adBEAddressPoolID')]"
                    }
                  ],
                  "loadBalancerInboundNatRules": [
                    {
                      "id": "[variables('adBDCRDPNATRuleID')]"
                    }
                  ]
                }
              }
            ]
          },
          "dnsServers": {
            "value": [
              "[variables('adPDCNicIPAddress')]"
            ]
          }
        }
      }
    },
    {
      "apiVersion": "2016-04-30-preview",
      "type": "Microsoft.Compute/disks",
      "name": "[concat(variables('adBDCVMName'), '-data-disk')]",
      "location": "[resourceGroup().location]",
      "properties": {
        "creationData": {
          "createOption": "empty"
        },
        "accountType": "Standard_LRS",
        "diskSizeGB": "1023"
      }
    },
    {
      "name": "[variables('adBDCVMName')]",
      "type": "Microsoft.Compute/virtualMachines",
      "apiVersion": "2017-03-30",
      "location": "[resourceGroup().location]",
      "dependsOn": [
        "[resourceId('Microsoft.Compute/disks', concat(variables('adBDCVMName'), '-data-disk'))]",
        "[resourceId('Microsoft.Network/networkInterfaces',variables('adBDCNicName'))]",
        "[resourceId('Microsoft.Compute/availabilitySets', variables('adAvailabilitySetName'))]",
        "[resourceId('Microsoft.Network/loadBalancers',variables('adLBName'))]"
      ],
      "properties": {
        "hardwareProfile": {
          "vmSize": "[variables('adVMSize')]"
        },
        "availabilitySet": {
          "id": "[resourceId('Microsoft.Compute/availabilitySets', variables('adAvailabilitySetName'))]"
        },
        "osProfile": {
          "computerName": "[variables('adBDCVMName')]",
          "adminUsername": "[parameters('adminUsername')]",
          "adminPassword": "[parameters('adminPassword')]"
        },
        "storageProfile": {
          "imageReference": {
            "publisher": "[variables('imagePublisher')]",
            "offer": "[variables('imageOffer')]",
            "sku": "[variables('imageSKU')]",
            "version": "latest"
          },
          "osDisk": {
            "name": "[concat(variables('adBDCVMName'),'-osdisk')]",
            "createOption": "FromImage",
            "diskSizeGB": "128"
          },
          "dataDisks": [
            {
              "name": "[concat(variables('adBDCVMName'), '-data-disk')]",
              "caching": "None",
              "lun": 0,
              "createOption": "Attach",
              "managedDisk": {
                "id": "[resourceId('Microsoft.Compute/disks', concat(variables('adBDCVMName'), '-data-disk'))]"
              }

            }
          ]
        },
        "networkProfile": {
          "networkInterfaces": [
            {
              "id": "[resourceId('Microsoft.Network/networkInterfaces',variables('adBDCNicName'))]"
            }
          ]
        }
      }
    },
    {
      "type": "Microsoft.Compute/virtualMachines/extensions",
      "name": "[concat(variables('adBDCVMName'),'/PrepareBDC')]",
      "apiVersion": "2016-03-30",
      "location": "[resourceGroup().location]",
      "dependsOn": [
        "[concat('Microsoft.Compute/virtualMachines/', variables('adBDCVMName'))]"
      ],
      "properties": {
        "publisher": "Microsoft.Powershell",
        "type": "DSC",
        "typeHandlerVersion": "2.19",
        "autoUpgradeMinorVersion": true,
        "settings": {
          "ModulesUrl": "[variables('adBDCPreparationModulesURL')]",
          "ConfigurationFunction": "[variables('adBDCPreparationFunction')]",
          "Properties": {
            "DNSServer": "[variables('adPDCNicIPAddress')]"
          }
        }
      }
    },
    {
      "name": "ConfiguringBackupADDomainController",
      "type": "Microsoft.Resources/deployments",
      "apiVersion": "2016-09-01",
      "dependsOn": [
        "[concat('Microsoft.Compute/virtualMachines/',variables('adBDCVMName'),'/extensions/PrepareBDC')]",
        "Microsoft.Resources/deployments/UpdateBDCNIC"
      ],
      "properties": {
        "mode": "Incremental",
        "templateLink": {
          "uri": "[variables('configureADBDCTemplateUri')]",
          "contentVersion": "1.0.0.0"
        },
        "parameters": {
          "adBDCVMName": {
            "value": "[variables('adBDCVMName')]"
          },
          "location": {
            "value": "[resourceGroup().location]"
          },
          "adminUsername": {
            "value": "[parameters('adminUsername')]"
          },
          "adminPassword": {
            "value": "[parameters('adminPassword')]"
          },
          "domainName": {
            "value": "[parameters('domainName')]"
          },
          "adBDCConfigurationFunction": {
            "value": "[variables('adBDCConfigurationFunction')]"
          },
          "adBDCConfigurationModulesURL": {
            "value": "[variables('adBDCConfigurationModulesURL')]"
          }
        }
      }
    },
    {
      "name": "UpdateVNetDNS2",
      "type": "Microsoft.Resources/deployments",
      "apiVersion": "2016-09-01",
      "dependsOn": [
        "Microsoft.Resources/deployments/ConfiguringBackupADDomainController"
      ],
      "properties": {
        "mode": "Incremental",
        "templateLink": {
          "uri": "[variables('vnetwithDNSTemplateUri')]",
          "contentVersion": "1.0.0.0"
        },
        "parameters": {
          "virtualNetworkName": {
            "value": "[variables('virtualNetworkName')]"
          },
          "virtualNetworkAddressRange": {
            "value": "[variables('virtualNetworkAddressRange')]"
          },
          "subnetName": {
            "value": "[variables('adSubnetName')]"
          },
          "subnetRange": {
            "value": "[variables('adSubnet')]"
          },
          "DNSServerAddress": {
            "value": [
              "[variables('adPDCNicIPAddress')]",
              "[variables('adBDCNicIPAddress')]"
            ]
          }
        }
      }
    },
    {
      "name": "RDSDeploy",
      "type": "Microsoft.Resources/deployments",
      "apiVersion": "2016-09-01",
      "dependsOn": [ "Microsoft.Resources/deployments/UpdateVNetDNS2" ],
      "properties": {
        "mode": "Incremental",
        "templateLink": {
          "uri": "[concat(variables('_artifactsLocation'), '/', variables('RDSTemplateLocation'))]"
        },
        "parameters": {

          "adDomainName": {
            "value": "[parameters('domainName')]"
          },
          "adVnetName": {
            "value": "[variables('virtualNetworkName')]"
          },
          "adSubnetName": {
            "value": "[variables('adSubnetName')]"
          },
          "adminUsername": {
            "value": "[parameters('adminUsername')]"
          },
          "adminPassword": {
            "value": "[parameters('adminPassword')]"
          },
          "imageSKU": {
            "value": "[variables('imageSKU')]"
          },
          "numberOfRdshInstances": {
            "value": "[parameters('numberOfRdshInstances')]"
          },
          "rdshVmSize": {
            "value": "[parameters('rdshVmSize')]"
          }

        }

      }
    }
  ]
}