{
  "$schema": "https://schema.management.azure.com/schemas/2015-01-01/deploymentTemplate.json#",
  "contentVersion": "1.0.0.0",
  "parameters": {
    "adDomainName": {
      "type": "string",
      "metadata": {
        "description": "The name of the AD domain. For example contoso.com"
      },
      "defaultValue": "contoso.com"
    },
    "adVnetName": {
      "type": "string",
      "metadata": {
        "description": "The vnet name of AD domain. For example johnvnet1"
      },
      "defaultValue": "[concat('ADVNET',resourceGroup().name)]"
    },
    "adSubnetName": {
      "type": "string",
      "metadata": {
        "description": "The subnet name of AD domain. For example johnsubnet1"
      },
      "defaultValue": "[concat('ADStaticSubnet',resourceGroup().name)]"
    },
    "adminUsername": {
      "type": "string",
      "metadata": {
        "description": "The name of the administrator of the new VM and the domain. Exclusion list: 'administrator'. For example johnadmin"
      },
      "defaultValue": "vmadmin"
    },
    "adminPassword": {
      "type": "securestring",
      "metadata": {
        "description": "The password for the administrator account of the new VM and the domain"
      },
      "defaultValue": "[concat('Subscription#',subscription().subscriptionId)]"
    },
    "imageSKU": {
      "type": "string",
      "allowedValues": [
        "2012-R2-Datacenter",
        "2016-Datacenter"
      ],
      "metadata": {
        "description": "Windows server SKU"
      },
      "defaultValue": "2016-Datacenter"
    },
    "numberOfRdshInstances": {
      "type": "int",
      "defaultValue": 1,
      "metadata": {
        "description": "Number of RemoteDesktopSessionHosts"
      }
    },
    "rdshVmSize": {
      "type": "string",
      "allowedValues": [
        "Standard_A0",
        "Standard_A1_v2",
        "Standard_A2_v2",
        "Standard_A2m_v2",
        "Standard_A4_v2",
        "Standard_A4m_v2",
        "Standard_A8_v2",
        "Standard_A8m_v2",
        "Standard_D1_v2",
        "Standard_D11_v2",
        "Standard_D12_v2",
        "Standard_D13_v2",
        "Standard_D14_v2",
        "Standard_D15_v2",
        "Standard_D2_v2",
        "Standard_D3_v2",
        "Standard_D4_v2",
        "Standard_D5_v2"
      ],
      "metadata": {
        "description": "The size of the RDSH VMs"
      },
      "defaultValue": "Standard_A4_v2"
    }
  },
  "variables": {
    "cbdnsLabelPrefix": "[tolower(concat('cbd', resourceGroup().name))]",
    "storageAccountName": "[tolower(concat('rdsa', uniqueString(resourceGroup().id)))]",
    "storageAccountType": "Standard_LRS",
    "uniqueStorageAccountContainerName": "[tolower(concat('sac', resourceGroup().name))]",
    "imagePublisher": "MicrosoftWindowsServer",
    "imageOffer": "WindowsServer",
    "dnsServerPrivateIp": "10.255.0.4",
    "subnet-id": "[concat(resourceId('Microsoft.Network/virtualNetworks',parameters('adVnetName')),'/subnets/',parameters('adSubnetName'))]",
    "publicIpRef": "publicIp",
    "brokerIpRef": "brokerpublicIp",
    "assetLocation": "https://raw.githubusercontent.com/ehhwerd/phase1-domain-controller-plus-workload-vm/master/option3/nestedtemplates",
    "dnsLabelPrefix": "[tolower(concat('rdsa', uniqueString(resourceGroup().id)))]"

  },
  "resources": [
    {
      "apiVersion": "2015-06-15",
      "type": "Microsoft.Network/publicIPAddresses",
      "name": "[variables('publicIpRef')]",
      "location": "[resourceGroup().location]",
      "properties": {
        "publicIPAllocationMethod": "Dynamic",
        "dnsSettings": {
          "domainNameLabel": "[variables('dnsLabelPrefix')]"
        }
      }
    },
    {
      "apiVersion": "2015-06-15",
      "type": "Microsoft.Network/publicIPAddresses",
      "name": "[variables('brokerIpRef')]",
      "location": "[resourceGroup().location]",
      "properties": {
        "publicIPAllocationMethod": "Dynamic",
        "dnsSettings": {
          "domainNameLabel": "[variables('cbdnsLabelPrefix')]"
        }
      }
    },
    {
      "apiVersion": "2015-06-15",
      "type": "Microsoft.Storage/storageAccounts",
      "name": "[variables('storageAccountName')]",
      "location": "[resourceGroup().location]",
      "properties": {
        "accountType": "[variables('storageAccountType')]"
      }
    },
    {
      "apiVersion": "2016-04-30-preview",
      "type": "Microsoft.Compute/availabilitySets",
      "name": "cb-availabilityset",
      "location": "[resourceGroup().location]",
      "properties": {
        "managed": "true",
        "platformUpdateDomainCount": 5,
        "platformFaultDomainCount": 2
      }
    },
    {
      "apiVersion": "2015-06-15",
      "type": "Microsoft.Compute/availabilitySets",
      "name": "rdsh-availabilityset",
      "location": "[resourceGroup().location]"
    },
    {
      "apiVersion": "2015-06-15",
      "type": "Microsoft.Network/loadBalancers",
      "name": "loadBalancer",
      "location": "[resourceGroup().location]",
      "dependsOn": [
        "[concat('Microsoft.Network/publicIPAddresses/',variables('publicIpRef'))]"
      ],
      "properties": {
        "frontendIPConfigurations": [
          {
            "name": "LBFE",
            "properties": {
              "publicIPAddress": {
                "id": "[resourceId('Microsoft.Network/publicIPAddresses',variables('publicIpRef'))]"
              }
            }
          }
        ],
        "backendAddressPools": [
          {
            "name": "LBBAP"
          }
        ],
        "loadBalancingRules": [
          {
            "name": "LBRule01",
            "properties": {
              "frontendIPConfiguration": {
                "id": "[concat(resourceId('Microsoft.Network/loadBalancers','loadbalancer'),'/frontendIPConfigurations/LBFE')]"
              },
              "backendAddressPool": {
                "id": "[concat(resourceId('Microsoft.Network/loadBalancers','loadbalancer'),'/backendAddressPools/LBBAP')]"
              },
              "protocol": "Tcp",
              "frontendPort": 443,
              "backendPort": 443,
              "enableFloatingIP": false,
              "idleTimeoutInMinutes": 5,
              "loadDistribution": "SourceIPProtocol",
              "probe": {
                "id": "[concat(resourceId('Microsoft.Network/loadBalancers','loadbalancer'),'/probes/tcpProbe')]"
              }
            }
          },
          {
            "name": "LBRule02",
            "properties": {
              "frontendIPConfiguration": {
                "id": "[concat(resourceId('Microsoft.Network/loadBalancers','loadbalancer'),'/frontendIPConfigurations/LBFE')]"
              },
              "backendAddressPool": {
                "id": "[concat(resourceId('Microsoft.Network/loadBalancers','loadbalancer'),'/backendAddressPools/LBBAP')]"
              },
              "protocol": "Udp",
              "frontendPort": 3391,
              "backendPort": 3391,
              "enableFloatingIP": false,
              "idleTimeoutInMinutes": 5,
              "loadDistribution": "SourceIPProtocol",
              "probe": {
                "id": "[concat(resourceId('Microsoft.Network/loadBalancers','loadbalancer'),'/probes/tcpProbe')]"
              }
            }
          }
        ],
        "probes": [
          {
            "name": "tcpProbe",
            "properties": {
              "protocol": "Tcp",
              "port": 443,
              "intervalInSeconds": 5,
              "numberOfProbes": 2
            }
          },
          {
            "name": "tcpProbe01",
            "properties": {
              "protocol": "Tcp",
              "port": 3391,
              "intervalInSeconds": 5,
              "numberOfProbes": 2
            }
          }
        ],
        "inboundNatRules": [
          {
            "name": "rdp",
            "properties": {
              "frontendIPConfiguration": {
                "id": "[concat(resourceId('Microsoft.Network/loadBalancers','loadBalancer'),'/frontendIPConfigurations/LBFE')]"
              },
              "protocol": "tcp",
              "frontendPort": 3389,
              "backendPort": 3389,
              "enableFloatingIP": false
            }
          }

        ]
      }
    },
    {
      "apiVersion": "2015-06-15",
      "type": "Microsoft.Network/networkInterfaces",
      "name": "cb-nic",
      "location": "[resourceGroup().location]",
      "dependsOn": [
        "Microsoft.Network/loadBalancers/loadBalancer"
      ],
      "properties": {
        "ipConfigurations": [
          {
            "name": "ipconfig",
            "properties": {
              "privateIPAllocationMethod": "Dynamic",
              "publicIPAddress": {
                "id": "[resourceId('Microsoft.Network/publicIPAddresses',variables('brokerIpRef'))]"
              },
              "subnet": {
                "id": "[variables('subnet-id')]"
              },
              "loadBalancerBackendAddressPools": [
                {
                  "id": "[concat(resourceId('Microsoft.Network/loadBalancers','loadBalancer'),'/backendAddressPools/LBBAP')]"
                }
              ],
              "loadBalancerInboundNatRules": [
                {
                  "id": "[concat(resourceId('Microsoft.Network/loadBalancers','loadBalancer'),'/inboundNatRules/rdp')]"
                }
              ]
            }
          }
        ],
        "dnsSettings": {
          "dnsServers": [
            "[variables('dnsServerPrivateIp')]"
          ]
        }
      }
    },
    {
      "apiVersion": "2015-06-15",
      "type": "Microsoft.Network/networkInterfaces",
      "name": "[concat('rdsh-', copyindex(), '-nic')]",
      "location": "[resourceGroup().location]",
      "copy": {
        "name": "rdsh-nic-loop",
        "count": "[parameters('numberOfRdshInstances')]"
      },
      "dependsOn": [
        "Microsoft.Network/loadBalancers/loadBalancer"
      ],
      "properties": {
        "ipConfigurations": [
          {
            "name": "ipconfig",
            "properties": {
              "privateIPAllocationMethod": "Dynamic",
              "subnet": {
                "id": "[variables('subnet-id')]"
              }
            }
          }
        ],
        "dnsSettings": {
          "dnsServers": [
            "[variables('dnsServerPrivateIp')]"
          ]
        }
      }
    },
    {
      "apiVersion": "2015-06-15",
      "type": "Microsoft.Compute/virtualMachines",
      "name": "[concat('rdsh-', copyindex())]",
      "location": "[resourceGroup().location]",
      "copy": {
        "name": "rdsh-vm-loop",
        "count": "[parameters('numberOfRdshInstances')]"
      },
      "dependsOn": [
        "[concat('Microsoft.Storage/storageAccounts/', variables('storageAccountName'))]",
        "[resourceId('Microsoft.Compute/availabilitySets', 'rdsh-availabilityset')]",
        "[concat('Microsoft.Network/networkInterfaces/', 'rdsh-', copyindex(), '-nic')]"
      ],
      "properties": {
        "hardwareProfile": {
          "vmSize": "[parameters('rdshVmSize')]"
        },
        "availabilitySet": {
          "id": "[resourceId('Microsoft.Compute/availabilitySets', 'rdsh-availabilityset')]"
        },
        "osProfile": {
          "computerName": "[concat('rdsh-', copyIndex())]",
          "adminUsername": "[parameters('adminUsername')]",
          "adminPassword": "[parameters('adminPassword')]"
        },
        "storageProfile": {
          "imageReference": {
            "publisher": "[variables('imagePublisher')]",
            "offer": "[variables('imageOffer')]",
            "sku": "[parameters('imageSKU')]",
            "version": "latest"
          },
          "osDisk": {
            "name": "osdisk",
            "vhd": {
              "uri": "[concat(reference(concat('Microsoft.Storage/storageAccounts/', variables('storageAccountName')),providers('Microsoft.Storage', 'storageAccounts').apiVersions[0]).primaryEndpoints.blob,variables('uniqueStorageAccountContainerName'),'/','rdsh-',copyindex(),'-os-disk.vhd')]"

            },
            "caching": "ReadWrite",
            "createOption": "FromImage"
          }
        },
        "networkProfile": {
          "networkInterfaces": [
            {
              "id": "[resourceId('Microsoft.Network/networkInterfaces',concat('rdsh-', copyindex(), '-nic'))]"
            }
          ]
        }
      },
      "resources": [
        {
          "apiVersion": "2015-06-15",
          "type": "Microsoft.Compute/virtualMachines/extensions",
          "name": "[concat('rdsh-', copyindex(),'/sessionhost')]",
          "location": "[resourceGroup().location]",
          "dependsOn": [
            "[resourceId('Microsoft.Compute/virtualMachines', concat('rdsh-', copyindex()))]"
          ],
          "properties": {
            "publisher": "Microsoft.Powershell",
            "type": "DSC",
            "typeHandlerVersion": "2.11",
            "autoUpgradeMinorVersion": true,
            "settings": {
              "ModulesUrl": "[concat(variables('assetLocation'),'/Configuration.zip')]",
              "ConfigurationFunction": "Configuration.ps1\\SessionHost",
              "Properties": {
                "DomainName": "[parameters('adDomainName')]",
                "AdminCreds": {
                  "UserName": "[parameters('adminUsername')]",
                  "Password": "PrivateSettingsRef:AdminPassword"
                }
              }
            },
            "protectedSettings": {
              "Items": {
                "AdminPassword": "[parameters('adminPassword')]"
              }
            }
          }
        }
      ]
    },
    {
      "apiVersion": "2016-04-30-preview",
      "type": "Microsoft.Compute/virtualMachines",
      "name": "cb-vm",
      "location": "[resourceGroup().location]",
      "dependsOn": [
        "[resourceId('Microsoft.Compute/availabilitySets', 'cb-availabilityset')]",
        "Microsoft.Network/networkInterfaces/cb-nic",
        "rdsh-vm-loop"
      ],
      "properties": {
        "hardwareProfile": {
          "vmSize": "Standard_A4_v2"
        },
        "availabilitySet": {
          "id": "[resourceId('Microsoft.Compute/availabilitySets', 'cb-availabilityset')]"
        },
        "osProfile": {
          "computerName": "broker",
          "adminUsername": "[parameters('adminUsername')]",
          "adminPassword": "[parameters('adminPassword')]"
        },
        "storageProfile": {
          "imageReference": {
            "publisher": "[variables('imagePublisher')]",
            "offer": "[variables('imageOffer')]",
            "sku": "[parameters('imageSKU')]",
            "version": "latest"
          },
          "osDisk": {
            "name": "cb-vm-osdisk",
            "caching": "ReadWrite",
            "createOption": "FromImage",
            "diskSizeGB": "128"
          }
        },
        "networkProfile": {
          "networkInterfaces": [
            {
              "id": "[resourceId('Microsoft.Network/networkInterfaces','cb-nic')]"
            }
          ]
        }
      }
    },
    {
      "type": "Microsoft.Compute/virtualMachines/extensions",
      "name": "cb-vm/rdsdeployment",
      "apiVersion": "2015-06-15",
      "location": "[resourceGroup().location]",
      "dependsOn": [
        "[resourceId('Microsoft.Compute/virtualMachines', 'cb-vm')]",
        "rdsh-vm-loop"
      ],
      "properties": {
        "publisher": "Microsoft.Powershell",
        "type": "DSC",
        "typeHandlerVersion": "2.11",
        "autoUpgradeMinorVersion": true,
        "settings": {
          "modulesUrl": "[concat(variables('assetLocation'),'/Configuration.zip')]",
          "configurationFunction": "Configuration.ps1\\RDSDeployment",
          "Properties": {
            "adminCreds": {
              "UserName": "[parameters('adminUsername')]",
              "Password": "PrivateSettingsRef:adminPassword"
            },
            "connectionBroker": "[concat('broker.',parameters('adDomainName'))]",
            "domainName": "[parameters('adDomainName')]",
            "externalfqdn": "[reference(variables('brokerIpRef')).dnsSettings.fqdn]",
            "numberOfRdshInstances": "[parameters('numberOfRdshInstances')]",
            "sessionHostNamingPrefix": "rdsh-",
            "webAccessServer": "[concat('broker.',parameters('adDomainName'))]"
          }
        },
        "protectedSettings": {
          "Items": {
            "adminPassword": "[parameters('adminPassword')]"
          }
        }
      }
    }
  ]
}