{
  "$schema": "https://schema.management.azure.com/schemas/2015-01-01/deploymentTemplate.json#",
  "contentVersion": "1.0.0.0",
  "parameters": {
    "adVMName": {
      "type": "string"
    }
  },
  "resources": [
    {
      "type": "Microsoft.Compute/virtualMachines/extensions",
      "name": "GetAndInstallADConnect",
      "apiVersion": "2015-06-15",
      "location": "[resourceGroup().location]",
      "properties": {
        "publisher": "Microsoft.Powershell",
        "type": "DSC",
        "typeHandlerVersion": "2.19",
        "autoUpgradeMinorVersion": true,
        "settings": {
          "ModulesUrl": "https://github.com/ehhwerd/dcib-vpn-p2s/raw/master/AzureResourceGroup4/DSC/InstallADC.zip",
          "ConfigurationFunction": "InstallADC.ps1\\GetADConnect",
          "Properties": {
            "adVMName": "[parameters('adVMName')]"
          }
        }
    }
  ]
}