{
  "$schema": "https://schema.management.azure.com/schemas/2015-01-01/deploymentTemplate.json#",
  "contentVersion": "1.0.0.0",
  "parameters": {
    "existingVNETName": {
      "type": "string",
      "metadata": {
        "description": "Existing VNET that contains the domain controller"
      }
    },
    "existingSubnetName": {
      "type": "string",
      "metadata": {
        "description": "Existing subnet that contains the domain controller"
      }
    },
    "dnsLabelPrefix": {
      "type": "string",
      "metadata": {
        "description": "Unique public DNS prefix for the deployment. The fqdn will look something like '<dnsname>.westus.cloudapp.azure.com'. Up to 62 chars, digits or dashes, lowercase, should start with a letter: must conform to '^[a-z][a-z0-9-]{1,61}[a-z0-9]$'."
      }
    },
    "vmSize": {
      "type": "string",
      "defaultValue": "Standard_A2_v2",
      "metadata": {
        "description": "The size of the virtual machines"
      }
    },
    "domainToJoin": {
      "type": "string",
      "metadata": {
        "description": "The FQDN of the AD domain"
      }
    },
    "domainUsername": {
      "type": "string",
      "metadata": {
        "description": "Username of the account on the domain"
      }
    },
    "domainPassword": {
      "type": "securestring",
      "metadata": {
        "description": "Password of the account on the domain"
      }
    },
    "ouPath": {
      "type": "string",
      "defaultValue": "",
      "metadata": {
        "description": "Specifies an organizational unit (OU) for the domain account. Enter the full distinguished name of the OU in quotation marks. Example: 'OU=testOU; DC=domain; DC=Domain; DC=com"
      }
    },
    "domainJoinOptions": {
      "type": "int",
      "defaultValue": 3,
      "metadata": {
        "description": "Set of bit flags that define the join options. Default value of 3 is a combination of NETSETUP_JOIN_DOMAIN (0x00000001) & NETSETUP_ACCT_CREATE (0x00000002) i.e. will join the domain and create the account on the domain. For more information see https://msdn.microsoft.com/en-us/library/aa392154(v=vs.85).aspx"
      }
    },
    "vmAdminUsername": {
      "type": "string",
      "metadata": {
        "description": "The name of the administrator of the new VM and the domain. Exclusion list: 'admin','administrator"
      }
    },
    "vmAdminPassword": {
      "type": "securestring",
      "metadata": {
        "description": "The password for the administrator account of the new VM and the domain"
      }
    },
    "windowsserver": {
      "type": "string",
      "metadata": {
        "description": "The version of Windows Server to use"
      },
      "defaultValue": "2016-Datacenter",
      "allowedValues": [
        "2012-Datacenter",
        "2012-R2-Datacenter",
        "2016-Datacenter"
      ]
    }
  },
  "variables": {
    "storageAccountName": "[concat(uniquestring(resourceGroup().id, deployment().name))]",
    "imagePublisher": "MicrosoftWindowsServer",
    "imageOffer": "WindowsServer",
    "windowsOSVersion": "2016-Datacenter",
    "apiVersion": "2017-04-01",
    "nicName": "[concat(parameters('dnsLabelPrefix'),'Nic')]",
    "publicIPName": "[concat(parameters('dnsLabelPrefix'),'Pip')]",
    "vnetID": "[resourceId(resourceGroup().name, 'Microsoft.Network/virtualNetworks', parameters('existingVNETName'))]",
    "subnetId": "[concat(variables('vnetID'),'/subnets/', parameters('existingSubnetName'))]"
  },
  "resources": [
    {
      "apiVersion": "[variables('apiVersion')]",
      "type": "Microsoft.Network/publicIPAddresses",
      "name": "[variables('publicIPName')]",
      "location": "[resourceGroup().location]",
      "properties": {
        "publicIPAllocationMethod": "Dynamic",
        "dnsSettings": {
          "domainNameLabel": "[parameters('dnsLabelPrefix')]"
        }
      }
    },
    {
      "apiVersion": "[variables('apiVersion')]",
      "type": "Microsoft.Network/networkInterfaces",
      "name": "[variables('nicName')]",
      "location": "[resourceGroup().location]",
      "dependsOn": [
        "[concat('Microsoft.Network/publicIPAddresses/', variables('publicIPName'))]"
      ],
      "properties": {
        "ipConfigurations": [
          {
            "name": "ipconfig",
            "properties": {
              "privateIPAllocationMethod": "Dynamic",
              "publicIPAddress": {
                "id": "[resourceId('Microsoft.Network/publicIPAddresses', variables('publicIPName'))]"
              },
              "subnet": {
                "id": "[variables('subnetId')]"
              }
            }
          }
        ]
      }
    },
    {
      "apiVersion": "2017-03-30",
      "type": "Microsoft.Compute/virtualMachines",
      "name": "[parameters('dnsLabelPrefix')]",
      "location": "[resourceGroup().location]",
      "dependsOn": [

        "[resourceId('Microsoft.Network/networkInterfaces', variables('nicName'))]"
      ],
      "properties": {
        "hardwareProfile": {
          "vmSize": "[parameters('vmSize')]"
        },
        "osProfile": {
          "computerName": "[parameters('dnsLabelPrefix')]",
          "adminUsername": "[parameters('vmAdminUsername')]",
          "adminPassword": "[parameters('vmAdminPassword')]"
        },
        "storageProfile": {
          "imageReference": {
            "publisher": "MicrosoftWindowsServer",
            "offer": "WindowsServer",
            "sku": "[parameters('windowsserver')]",
            "version": "latest"
          },
          "osDisk": {
            "name": "[concat(parameters('dnsLabelPrefix'), '-os-disk')]",
            "createOption": "FromImage",
            "diskSizeGB": "128"
          },
          "dataDisks": [
            {
              "name": "[concat(parameters('dnsLabelPrefix'), '-data-disk')]",
              "caching": "None",
              "createOption": "Empty",
              "diskSizeGB": "1023",
              "lun": 0
            }
          ]
        },
        "networkProfile": {
          "networkInterfaces": [
            {
              "id": "[resourceId('Microsoft.Network/networkInterfaces', variables('nicName'))]"
            }
          ]
        }
        //"diagnosticsProfile": {
        //  "bootDiagnostics": {
        //    "enabled": "false",
        //    "storageUri": "[concat('http://',variables('storageAccountName'),'.blob.core.windows.net')]"
        //  }
        //}
      }
    },
    {
      "apiVersion": "2017-03-30",
      "type": "Microsoft.Compute/virtualMachines/extensions",
      "name": "[concat(parameters('dnsLabelPrefix'),'/joindomain')]",
      "location": "[resourceGroup().location]",
      "dependsOn": [
        "[concat('Microsoft.Compute/virtualMachines/', parameters('dnsLabelPrefix'))]"
      ],
      "properties": {
        "publisher": "Microsoft.Compute",
        "type": "JsonADDomainExtension",
        "typeHandlerVersion": "1.3",
        "autoUpgradeMinorVersion": true,
        "settings": {
          "Name": "[parameters('domainToJoin')]",
          "OUPath": "[parameters('ouPath')]",
          "User": "[concat(parameters('domainToJoin'), '\\', parameters('domainUsername'))]",
          "Restart": "true",
          "Options": "[parameters('domainJoinOptions')]"
        },
        "protectedSettings": {
          "Password": "[parameters('domainPassword')]"
        }
      }
    }
  ]
}
